"","Palabra","Puntuacion","Word"
"1","a bordo",1,"aboard"
"2","abandona",-2,"abandons"
"3","abandonado",-2,"abandoned"
"4","abandonar",-2,"abandon"
"5","abatido",-2,"dejected"
"6","abatido",-3,"despondent"
"7","aborrece",-3,"abhors"
"8","aborrecer",-3,"abhor"
"9","aborrecible",-3,"abhorrent"
"10","aborrecido",-3,"abhorred"
"11","adoptar",1,"embrace"
"12","abrazo",2,"hug"
"13","abrazos",2,"hugs"
"14","abriga",2,"cherishes"
"15","absolver",2,"absolve"
"16","absolver",2,"acquit"
"17","absolviendo",2,"absolving"
"18","absolviendo",2,"acquitting"
"19","absorbido",1,"absorbed"
"20","absorto",1,"engrossed"
"21","absueltos",2,"absolved"
"22","absuelve",2,"absolves"
"23","absuelve",2,"acquits"
"24","aburrido",-2,"bored"
"25","aburrido",-3,"boring"
"26","aburrido",-2,"dull"
"27","aburrir",-2,"bore"
"28","abusado",-3,"abused"
"29","abusivo",-3,"abusive"
"30","abuso",-3,"abuse"
"31","abusos",-3,"abuses"
"32","acaparador",-2,"profiteer"
"33","acaparamiento",-2,"monopolizing"
"34","accidental",-2,"accidental"
"35","accidentalmente",-2,"accidentally"
"36","accidente",-2,"accident"
"37","accidentes",-2,"accidents"
"38","acepta",1,"accepts"
"39","aceptado",1,"accepted"
"40","aceptado",-1,"admitted"
"41","aceptar",1,"accept"
"42","aceptar",1,"accepting"
"43","aclamaciones",2,"cheers"
"44","aclara",2,"clarifies"
"45","acosado",-2,"bullied"
"46","acosado",-2,"harried"
"47","acoso",-2,"bullying"
"48","activo",1,"active"
"49","activo",2,"asset"
"50","acuchillado",-2,"stabbed"
"51","acuerdo",1,"agreement"
"52","acusa",-2,"accuses"
"53","acusacion",-2,"accusation"
"54","acusaciones",-2,"accusations"
"55","acusado",-2,"accused"
"56","acusando",-2,"accusing"
"57","acusar",-2,"accuse"
"58","adecuado",1,"adequate"
"59","admira",3,"admires"
"60","admirar",3,"admire"
"61","admirativo",3,"admiring"
"62","admite",-1,"admits"
"63","admitir",-1,"admit"
"64","adoctrina",-2,"indoctrinates"
"65","adoctrinados",-2,"indoctrinated"
"66","adoctrinar",-2,"indoctrinate"
"67","adoctrinar",-2,"indoctrinating"
"68","adopta",1,"adopts"
"69","adoptar",1,"adopt"
"70","adora",3,"adores"
"71","adorable",3,"adorable"
"72","adorado",3,"adored"
"73","adorado",3,"worshiped"
"74","adorar",3,"adore"
"75","advertencia",-3,"warning"
"76","advertencias",-3,"warnings"
"77","advertir",-2,"warn"
"78","advierte",-2,"warns"
"79","afable",2,"suave"
"80","afectado",-1,"affected"
"81","afecto",3,"affection"
"82","aficionado",2,"fond"
"83","afilado",1,"keen"
"84","afirmativamente",2,"positively"
"85","afligido",-1,"afflicted"
"86","afligido",-2,"bereaved"
"87","afligido",-2,"distressed"
"88","afligido",-2,"stricken"
"89","afortunado",2,"fortunate"
"90","afrentado",-1,"affronted"
"91","agobiados",-2,"burdened"
"92","agoniza",-3,"agonises"
"93","agoniza",-3,"agonizes"
"94","agonizado",-3,"agonised"
"95","agonizado",-3,"agonized"
"96","agonizante",-3,"agonising"
"97","agonizante",-3,"agonizing"
"98","agonizar",-3,"agonise"
"99","agonizar",-3,"agonize"
"100","agotado",-2,"drained"
"101","agotado",-2,"exhausted"
"102","agradable",2,"agreeable"
"103","agradable",3,"pleasant"
"104","agradecido",3,"grateful"
"105","agradecido",2,"thankful"
"106","agrava",-2,"aggravates"
"107","agravado",-2,"aggravated"
"108","agravante",-2,"aggravating"
"109","agravar",-2,"aggravate"
"110","agresion",-2,"aggression"
"111","agresiones",-2,"aggressions"
"112","agresivo",-2,"aggressive"
"113","agresor",-1,"attacking"
"114","aguante",2,"stamina"
"115","ahogar",-2,"drown"
"116","ahogo",-2,"choke"
"117","ahogue",-2,"drowned"
"118","airado",-3,"irate"
"119","aislado",-1,"isolated"
"120","ajuste",1,"fit"
"121","alabado",3,"praised"
"122","alabando",3,"praising"
"123","alabanza",3,"praise"
"124","alabanzas",3,"praises"
"125","alarma",-2,"alarm"
"126","alarmado",-2,"alarmed"
"127","alarmista",-2,"alarmist"
"128","alarmistas",-2,"alarmists"
"129","alboroto",-2,"riot"
"130","alcances",1,"reaches"
"131","alcanzado",1,"reached"
"132","alcanzar",1,"reach"
"133","aleccionadora",1,"sobering"
"134","alegrarse",4,"rejoice"
"135","alegre",2,"blithe"
"136","alegre",2,"cheerful"
"137","alegre",3,"cheery"
"138","alegre",2,"convivial"
"139","alegre",3,"glad"
"140","alegre",2,"jaunty"
"141","alegre",2,"jolly"
"142","alegre",3,"joyful"
"143","alegre",1,"lighthearted"
"144","alegre",3,"merry"
"145","alegre",3,"mirthful"
"146","alegremente",3,"joyfully"
"147","alegria",3,"glee"
"148","alegria",3,"joy"
"149","alegria",3,"mirth"
"150","alegria",4,"rejoicing"
"151","alentado",2,"encouraged"
"152","alentar",2,"encourage"
"153","alergico",-2,"allergic"
"154","alerta",-1,"alert"
"155","alfombrilla de raton",-1,"lurking"
"156","algun tipo",0,"some kind"
"157","alicaido",-2,"downcast"
"158","alienacion",-2,"alienation"
"159","alienta",2,"encourages"
"160","aliviado",2,"relieved"
"161","aliviado",3,"soothed"
"162","aliviar",1,"relieve"
"163","amable",3,"lovable"
"164","amado",3,"beloved"
"165","amado",3,"loved"
"166","amargado",-2,"embittered"
"167","amargamente",-2,"bitterly"
"168","amargo",-2,"bitter"
"169","ambicioso",2,"ambitious"
"170","ambivalente",-1,"ambivalent"
"171","amenaza",-2,"menace"
"172","amenaza",-2,"threat"
"173","amenaza",-2,"threatens"
"174","amenazado",-2,"menaced"
"175","amenazados",-2,"threatened"
"176","amenazante",-2,"threatening"
"177","amenazar",-2,"threaten"
"178","amenazas",-2,"threats"
"179","amistoso",2,"friendly"
"180","amonestado",-2,"admonished"
"181","amonestar",-2,"admonish"
"182","amontonar",-1,"pileup"
"183","amor",3,"love"
"184","amordazado",-2,"gagged"
"185","amoroso",2,"loving"
"186","ampliar",1,"extend"
"187","analfabetismo",-2,"illiteracy"
"188","Angers",-3,"angers"
"189","angustia",-3,"anguish"
"190","angustia",-2,"distress"
"191","angustiado",-3,"anguished"
"192","angustias",-2,"distresses"
"193","angustioso",-2,"distressing"
"194","angustioso",-3,"heartbreaking"
"195","ansia",-1,"longing"
"196","anhelo",1,"yearning"
"197","animado",2,"cheered"
"198","animado",2,"lively"
"199","animado",2,"sprightly"
"200","animar",2,"cheer"
"201","animo",2,"encouragement"
"202","animosidad",-2,"animosity"
"203","ansiedad",-2,"anxiety"
"204","ansioso",-2,"anxious"
"205","ansioso",2,"eager"
"206","antagonista",-2,"antagonistic"
"207","anti",-1,"anti"
"208","anticipacion",1,"anticipation"
"209","apaciguado",2,"appeased"
"210","apaciguamiento",2,"appeasing"
"211","apaciguar",2,"appease"
"212","aparejado",-1,"rigged"
"213","aparejo",-1,"rig"
"214","apasionado",2,"passionate"
"215","apatia",-3,"apathy"
"216","apatico",-3,"apathetic"
"217","apenado",-2,"grieved"
"218","apeshit",-3,"apeshit"
"219","aplaca",2,"appeases"
"220","aplasta",-1,"crushes"
"221","aplastada",-2,"crushed"
"222","aplastante",-1,"crushing"
"223","aplastar",-1,"crush"
"224","aplaude",2,"applauds"
"225","aplaudida",2,"applauded"
"226","aplaudiendo",2,"applauding"
"227","aplaudir",2,"applaud"
"228","aplausos",2,"applause"
"229","aplausos",2,"cheering"
"230","aplazar",-1,"defer"
"231","apocaliptico",-2,"apocalyptic"
"232","apoyo",2,"backing"
"233","apoyo",2,"support"
"234","apoyo",2,"supportive"
"235","aprecia",2,"appreciates"
"236","apreciacion",2,"appreciation"
"237","apreciado",2,"appreciated"
"238","apreciado",-2,"unappreciated"
"239","apreciando",2,"appreciating"
"240","apreciando",2,"cherishing"
"241","apreciar",2,"appreciate"
"242","apreciar",2,"cherish"
"243","aprensivo",-2,"apprehensive"
"244","aprobacion",2,"approval"
"245","aprobacion",2,"endorsement"
"246","aprobado",2,"approved"
"247","aprueba",2,"approves"
"248","aptitud",1,"fitness"
"249","ardiente",1,"ardent"
"250","arrastra",-1,"drags"
"251","arrastrado",-1,"dragged"
"252","arrastrar",-1,"drag"
"253","arreglado",-1,"made-up"
"254","arrepentido",-2,"regretful"
"255","arrepentimientos",-2,"regrets"
"256","arrestar",-2,"arrest"
"257","arrinconado",-2,"cornered"
"258","arrogante",-2,"arrogant"
"259","arruinado",-3,"bankrupt"
"260","arruinado",-2,"ruined"
"261","arruinando",-2,"ruining"
"262","asco",-3,"disgust"
"263","asegura",2,"secures"
"264","asegurado",2,"secured"
"265","asegurando",1,"ensuring"
"266","asegurar",1,"ensure"
"267","asesinato",-3,"assassination"
"268","asesinato",-3,"killing"
"269","asesinato",-2,"murder"
"270","asesinato",-3,"murdering"
"271","asesinatos",-3,"assassinations"
"272","asesinatos",-2,"murders"
"273","asesino",-2,"murderer"
"274","asesino",-3,"murderous"
"275","asfixia",-2,"choking"
"276","asombra",3,"astounds"
"277","asombrado",2,"amazed"
"278","asombrado",2,"astonished"
"279","asombrado",3,"astounded"
"280","asombrar",3,"astound"
"281","asombro",2,"amaze"
"282","asombroso",4,"amazing"
"283","asombroso",3,"astounding"
"284","asombroso",5,"breathtaking"
"285","asqueroso",-3,"disgusting"
"286","asqueroso",-3,"nasty"
"287","asqueroso",-2,"yucky"
"288","assfucking",-4,"assfucking"
"289","astucia",-2,"trickery"
"290","astuto",-2,"dodgy"
"291","asuntos",1,"matters"
"292","asustadizo",-1,"jumpy"
"293","asustado",-2,"afraid"
"294","asustado",-2,"frightened"
"295","asustado",-2,"scared"
"296","atacado",-1,"attacked"
"297","ataque",-1,"attack"
"298","ataques",-1,"attacks"
"299","atascado",-2,"stuck"
"300","aterrado",-2,"appalled"
"301","aterrador",-3,"frightening"
"302","aterroriza",-3,"terrorizes"
"303","aterrorizado",-3,"terrified"
"304","aterrorizado",-3,"terrorized"
"305","aterrorizar",-3,"terrorize"
"306","atornillado",-2,"screwed"
"307","atraccion",2,"attraction"
"308","atracciones",2,"attractions"
"309","atractivo",3,"glamorous"
"310","atractivo",1,"inviting"
"311","atrae",1,"attracts"
"312","atraer",1,"attract"
"313","atraido",1,"attracted"
"314","atrapado",-2,"trapped"
"315","atrayendo",2,"attracting"
"316","atrevido",2,"daring"
"317","atropello",-3,"outrage"
"318","aturdido",-2,"stunned"
"319","audaz",3,"audacious"
"320","audaz",2,"fearless"
"321","aumenta",1,"boosts"
"322","aumentado",1,"increased"
"323","aumentar",1,"boost"
"324","ausencia",-2,"lack"
"325","ausente",-1,"absentee"
"326","ausentes",-1,"absentees"
"327","autoenganada",-2,"self-deluded"
"328","autor",-2,"perpetrator"
"329","autores",-2,"perpetrators"
"330","autoridad",1,"authority"
"331","avanzado",1,"advanced"
"332","aventuras",2,"adventure"
"333","aventuras",2,"adventures"
"334","aventurero",2,"adventurous"
"335","avergonzado",-2,"ashamed"
"336","avergonzar",-2,"embarrass"
"337","aversion",-3,"loathing"
"338","avido",2,"avid"
"339","axed",-1,"axed"
"340","Ay",-1,"alas"
"341","ayuda",2,"help"
"342","ayuda",2,"helps"
"343","Bamboozles",-2,"bamboozles"
"344","bancadas",-2,"thwarts"
"345","bankster",-3,"bankster"
"346","barra oblicua",-2,"slash"
"347","barras",-2,"slashes"
"348","barrera",-2,"barrier"
"349","Bastardo",-5,"bastard"
"350","bastardos",-5,"bastards"
"351","batalla",-1,"battle"
"352","batallas",-1,"battles"
"353","beatifico",3,"beatific"
"354","bellezas",3,"beauties"
"355","bendecir",2,"bless"
"356","bendice",2,"blesses"
"357","bendicion",3,"blessing"
"358","bendicion",4,"godsend"
"359","beneficiado",2,"benefitted"
"360","beneficiando",2,"benefitting"
"361","beneficio",2,"benefit"
"362","beneficios",2,"benefits"
"363","bereaves",-2,"bereaves"
"364","bereaving",-2,"bereaving"
"365","Beso",2,"kiss"
"366","bienes",2,"assets"
"367","bienvenida",2,"welcomed"
"368","Bienvenido",2,"welcome"
"369","bloquear",-1,"block"
"370","bloqueo",-1,"blocking"
"371","bloques",-1,"blocks"
"372","boicoteado",-2,"boycotted"
"373","boicoteando",-2,"boycotting"
"374","boicotear",-2,"boycott"
"375","boicots",-2,"boycotts"
"376","bomba",-1,"bomb"
"377","bondad",3,"goodness"
"378","bonita",1,"pretty"
"379","bonito",3,"nice"
"380","borra",1,"clears"
"381","borracho",-2,"drunk"
"382","borroso",-2,"blurry"
"383","boyante",2,"buoyant"
"384","brillante",1,"bright"
"385","brillante",4,"brilliant"
"386","brillar",3,"sparkle"
"387","brillo",1,"brightness"
"388","broma",2,"joke"
"389","bruto",-2,"gross"
"390","bueno",3,"good"
"391","buque insignia",2,"flagship"
"392","bureado",-2,"tricked"
"393","burla",-2,"derision"
"394","burla",-2,"mocks"
"395","burlado",-2,"mocked"
"396","burlarse de",-2,"mock"
"397","burlon",-2,"mocking"
"398","burro",-4,"jackass"
"399","cabezas de turco",-2,"scapegoats"
"400","cabildeo",-2,"lobbying"
"401","cabizbajo",-2,"crestfallen"
"402","Cabron",-4,"fucker"
"403","Cabron",-3,"dumbass"
"404","cadaver",-1,"corpse"
"405","cagado",-3,"screwed up"
"406","caido",-2,"droopy"
"407","caido",-2,"fallen"
"408","caido en desgracia",-2,"disgraced"
"409","calambre",-1,"cramp"
"410","calentar",1,"warm"
"411","calma",2,"calm"
"412","calma",2,"calms"
"413","calmado",2,"calmed"
"414","calmante",2,"calming"
"415","calmante",3,"soothing"
"416","calmar",3,"soothe"
"417","calor",2,"warmth"
"418","cancela",-1,"cancels"
"419","cancelado",-1,"cancelled"
"420","cancelado",-1,"cancelling"
"421","cancelar",-1,"cancel"
"422","cancer",-1,"cancer"
"423","candidez",-2,"gullibility"
"424","cansado",-2,"tired"
"425","cansado",-2,"weary"
"426","caos",-2,"chaos"
"427","caotico",-2,"chaotic"
"428","capacidad",2,"ability"
"429","capaz",1,"capable"
"430","caprichoso",1,"whimsical"
"431","carcajadas",-2,"screams"
"432","carga",-2,"burden"
"433","cargado",-3,"charged"
"434","cargas",-2,"burdens"
"435","cargos",-2,"charges"
"436","carino",2,"fondness"
"437","carinoso",3,"affectionate"
"438","caro",3,"dearly"
"439","Caso omiso",-2,"disregarding"
"440","castiga",-3,"chastises"
"441","castiga",-2,"punishes"
"442","castigado",-3,"chastised"
"443","castigado",-2,"punished"
"444","castigadora",-3,"chastising"
"445","castigar",-3,"chastise"
"446","castigar",-2,"punish"
"447","catastrofe",-3,"catastrophe"
"448","catastrofico",-4,"catastrophic"
"449","cauteloso",-1,"cautious"
"450","cautivado",3,"captivated"
"451","cautivar",3,"enthral"
"452","celebra",3,"celebrates"
"453","celebrado",3,"celebrated"
"454","celebrando",3,"celebrating"
"455","celebrar",3,"celebrate"
"456","celestial",4,"heavenly"
"457","celos",-1,"envying"
"458","celoso",-2,"jealous"
"459","celoso",2,"zealous"
"460","censores",-2,"censors"
"461","censurado",-2,"censored"
"462","censurar",-2,"censor"
"463","cenudo",-1,"frowning"
"464","cernia",-1,"loomed"
"465","cerveza negra",2,"stout"
"466","chagrined",-2,"chagrined"
"467","chiflado por",2,"infatuated"
"468","chispa",1,"spark"
"469","chistes",2,"jokes"
"470","chistoso",2,"humourous"
"471","chivo expiatorio",-2,"scapegoat"
"472","chocante",-2,"shocking"
"473","chocar",-1,"collide"
"474","choque",-2,"clash"
"475","choque",-2,"crash"
"476","choque",-2,"shock"
"477","choques",-2,"shocks"
"478","chupa",-3,"sucks"
"479","chupar",-3,"suck"
"480","ciego",-1,"blind"
"481","cielo",2,"heaven"
"482","cierto",1,"certain"
"483","cierto",2,"true"
"484","cinico",-2,"cynic"
"485","cinico",-2,"cynical"
"486","cinismo",-2,"cynicism"
"487","claramente",1,"clearly"
"488","claridad",2,"clarity"
"489","claro",1,"clear"
"490","coaccionado",-2,"coerced"
"491","cobarde",-2,"coward"
"492","cobardemente",-2,"cowardly"
"493","cobrar",-2,"cashing in"
"494","Cocksuckers",-5,"cocksuckers"
"495","codicia",-3,"greed"
"496","codicioso",-2,"greedy"
"497","cojo",-2,"lame"
"498","colapsado",-2,"collapsed"
"499","colapso",-2,"collapse"
"500","colapso",-2,"collapsing"
"501","colapsos",-2,"collapses"
"502","colerico",-3,"wrathful"
"503","colision",-2,"collision"
"504","colisiona",-1,"collides"
"505","colisionando",-1,"colliding"
"506","colisiones",-2,"collisions"
"507","colusion",-3,"colluding"
"508","combate",-1,"combat"
"509","combates",-1,"combats"
"510","comedia",1,"comedy"
"511","cometer",1,"commit"
"512","comodidad",2,"comfort"
"513","comodidad",2,"coziness"
"514","comodidades",2,"comforts"
"515","comodo",2,"comfortable"
"516","compadecimos",-1,"pitied"
"517","Comparte",1,"shares"
"518","compartido",1,"shared"
"519","compartir",1,"share"
"520","compasivo",2,"compassionate"
"521","competente",2,"competent"
"522","competitivo",2,"competitive"
"523","complacencia",2,"willingness"
"524","comprometido",1,"committed"
"525","comprometiendose",1,"committing"
"526","compromiso",2,"commitment"
"527","con toda tranquilidad",2,"peacefully"
"528","conceder",1,"grant"
"529","concedido",1,"granted"
"530","concesion",1,"granting"
"531","concilia",2,"conciliates"
"532","conciliado",2,"conciliated"
"533","conciliando",2,"conciliating"
"534","conciliar",2,"conciliate"
"535","condena",-2,"condemns"
"536","condenacion",-2,"condemnation"
"537","condenado",-2,"condemned"
"538","condenado",-2,"doomed"
"539","condenado",-2,"sentenced"
"540","condenar",-2,"condemn"
"541","condenar",-2,"doom"
"542","confiado",2,"entrusted"
"543","confiado",2,"reliant"
"544","confianza",2,"confidence"
"545","confianza",1,"trust"
"546","confidente",2,"confident"
"547","conflictiva",-2,"conflictive"
"548","conflicto",-2,"conflict"
"549","conflictos",-2,"conflicts"
"550","confundir",-2,"confuse"
"551","confundir",-2,"mistaking"
"552","confuso",-2,"confused"
"553","confuso",-2,"confusing"
"554","conmocionado",-2,"shocked"
"555","consentimiento",2,"consent"
"556","consentimientos",2,"consents"
"557","consolable",2,"consolable"
"558","consolador",2,"comforting"
"559","conspiracion",-3,"conspiracy"
"560","consternados",-2,"dismayed"
"561","constrenido",-2,"constrained"
"562","consumado",2,"accomplished"
"563","contagio",-2,"contagion"
"564","contagios",-2,"contagions"
"565","contagioso",-1,"contagious"
"566","contamina",-2,"polluter"
"567","contamina",-2,"pollutes"
"568","contaminado",-2,"polluted"
"569","contaminadores",-2,"polluters"
"570","contaminar",-2,"pollute"
"571","contencioso",-2,"contentious"
"572","contender",-1,"contend"
"573","contendiendo",-1,"contending"
"574","contendiente",-1,"contender"
"575","contento",3,"happy"
"576","contestable",-2,"contestable"
"577","contradictorio",-2,"conflicting"
"578","contratar",1,"engage"
"579","convence",1,"convinces"
"580","convencer",1,"convince"
"581","convencido",1,"convinced"
"582","convencido",-1,"unconvinced"
"583","convenido",1,"agreed"
"584","cono",-5,"cunt"
"585","cono",-5,"twat"
"586","corazon pesado",-2,"heavyhearted"
"587","correo no deseado",-2,"spam"
"588","cortar",-1,"cut"
"589","corte",-1,"cutting"
"590","cortejar",3,"woo"
"591","cortes",2,"courteous"
"592","Cortes",3,"gracious"
"593","cortesia",2,"courtesy"
"594","cosas interesantes",3,"cool stuff"
"595","costoso",-2,"costly"
"596","creativo",2,"creative"
"597","creciente",1,"growing"
"598","crecimiento",2,"growth"
"599","credulo",-2,"gullible"
"600","crimen",-3,"crime"
"601","criminal",-3,"criminal"
"602","criminales",-3,"criminals"
"603","crisis",-3,"crisis"
"604","critica",-2,"criticizes"
"605","critica",-2,"criticism"
"606","criticado",-2,"criticized"
"607","criticar",-2,"criticize"
"608","criticar",-2,"criticizing"
"609","critico",-2,"critic"
"610","criticos",-2,"critics"
"611","cruel",-3,"cruel"
"612","crueldad",-3,"cruelty"
"613","cubrir",-3,"cover-up"
"614","cuchara",3,"scoop"
"615","cuchillada",-2,"slashing"
"616","cuestionable",-2,"questionable"
"617","cuestionado",-2,"disputed"
"618","cuestionado",-1,"questioned"
"619","cuidado",2,"care"
"620","cuidados",2,"cares"
"621","cuidadosamente",2,"carefully"
"622","cuidadoso",2,"careful"
"623","culo",-4,"ass"
"624","culpa",-3,"guilt"
"625","culpable",-3,"guilty"
"626","culpada",-2,"blamed"
"627","culpando",-2,"blaming"
"628","Cumple",2,"fulfills"
"629","cumplido",2,"fulfilled"
"630","cumplir",2,"fulfill"
"631","curioso",1,"curious"
"632","curioso",-2,"nosey"
"633","da la bienvenida",2,"welcomes"
"634","danar",-3,"damage"
"635","dano",-2,"harm"
"636","dano",-2,"hurting"
"637","danos",-2,"harms"
"638","danos y perjuicios",-3,"damages"
"639","de acuerdo",1,"agree"
"640","de buen tono",3,"classy"
"641","de confianza",2,"trusted"
"642","de miedo",-2,"scary"
"643","de mierda",-3,"shitty"
"644","de poco merito",-2,"undeserving"
"645","debil",-2,"feeble"
"646","debiles",-2,"weak"
"647","debilidad",-2,"weakness"
"648","debilitante",-2,"wasting"
"649","decepcion",-2,"disappointment"
"650","decepciona",-2,"disappoints"
"651","decepcionado",-2,"disappointed"
"652","decepcionante",-2,"disappointing"
"653","decepcionar",-2,"disappoint"
"654","decepciones",-2,"disappointments"
"655","decir ah",2,"ha"
"656","decisivo",1,"decisive"
"657","dedicado",2,"dedicated"
"658","defecto",-3,"defect"
"659","defecto",-2,"failing"
"660","defectos",-3,"defects"
"661","defensor",2,"defender"
"662","defensores",2,"defenders"
"663","deficit",-2,"deficit"
"664","defraudador",-4,"fraudster"
"665","defraudadores",-4,"fraudsters"
"666","degradado",-2,"degraded"
"667","degradar",-2,"degrade"
"668","dejar",-1,"leave"
"669","dejecting",-2,"dejecting"
"670","dejects",-2,"dejects"
"671","delanteros",-2,"strikers"
"672","deleitando",3,"delighting"
"673","deleite",3,"delight"
"674","delicado",-3,"killed"
"675","delicias",3,"delights"
"676","delincuente",-2,"offender"
"677","delito",-3,"felony"
"678","delitos",-3,"felonies"
"679","demanda",-1,"demand"
"680","demanda judicial",-2,"lawsuit"
"681","demandar",-2,"suing"
"682","demandas",-1,"demands"
"683","demandas",-2,"lawsuits"
"684","demostracion",-1,"demonstration"
"685","denuncia",-2,"denounces"
"686","denunciar",-2,"denounce"
"687","deprimente",-2,"depressing"
"688","Deprimido",-2,"depressed"
"689","Derecho",1,"straight"
"690","Deriding",-2,"deriding"
"691","derrotado",-2,"defeated"
"692","desacreditada",-2,"discredited"
"693","desafiante",-1,"defiant"
"694","desagradable",-3,"obnoxious"
"695","desairado",-2,"snubbed"
"696","desaire",-2,"snub"
"697","desaires",-2,"snubs"
"698","desalojo",-1,"eviction"
"699","desanimado",-2,"discouraged"
"700","desanimado",-2,"downhearted"
"701","desaparece",-1,"disappears"
"702","desaparecer",-1,"disappear"
"703","desaparecido",-1,"disappeared"
"704","desaparecido",-2,"missing"
"705","desasosiego",-2,"disquiet"
"706","desastre",-2,"disaster"
"707","desastres",-2,"disasters"
"708","desastroso",-3,"disastrous"
"709","desatiende",-2,"disregards"
"710","descalificado",-2,"disqualified"
"711","descarrila",-2,"derails"
"712","descarrilado",-2,"derailed"
"713","descartado",-1,"discarded"
"714","descarte",-1,"discard"
"715","descarte",-1,"discarding"
"716","descartes",-1,"discards"
"717","desconcertado",-2,"embarrassed"
"718","desconectado",-1,"offline"
"719","desconfiado",-3,"distrustful"
"720","desconfianza",-3,"distrust"
"721","desconsiderado",-2,"inconsiderate"
"722","desconsiderado",-2,"thoughtless"
"723","desconsolado",-2,"disconsolate"
"724","desconsolado",-2,"woebegone"
"725","desconsuelo",-2,"disconsolation"
"726","descontento",-2,"discontented"
"727","descorazonado",-2,"disheartened"
"728","descuento",-1,"discounted"
"729","descuidado",-2,"careless"
"730","descuidado",-2,"neglected"
"731","descuido",-2,"neglecting"
"732","desden",-2,"disdain"
"733","desden",-2,"scorn"
"734","desdenosamente",-2,"contemptuously"
"735","desdenoso",-2,"contemptuous"
"736","desdenoso",-2,"scornful"
"737","deseable",2,"desirable"
"738","deseado",2,"desired"
"739","deseando",1,"wishing"
"740","desempleo",-2,"unemployment"
"741","desenfocado",-2,"unfocused"
"742","deseo",1,"desire"
"743","deseo",1,"wish"
"744","deseos",1,"wishes"
"745","deseoso",2,"desirous"
"746","desesperacion",-3,"despair"
"747","desesperacion",-2,"hopelessness"
"748","desesperaciones",-3,"despairs"
"749","desesperadamente",-3,"desperately"
"750","desesperado",-3,"despairing"
"751","desesperado",-3,"desperate"
"752","desestimacion",-1,"underestimating"
"753","desestructurado",-2,"disorganized"
"754","desfases",-2,"lags"
"755","desgracia",-2,"disgrace"
"756","deshecho",-1,"dumps"
"757","deshonesto",-2,"dishonest"
"758","deshumaniza",-2,"dehumanizes"
"759","deshumanizado",-2,"dehumanized"
"760","deshumanizante",-2,"dehumanizing"
"761","deshumanizar",-2,"dehumanize"
"762","desigual",-1,"unequal"
"763","desilusionado",-2,"disillusioned"
"764","desinformacion",-2,"misinformation"
"765","desmoralizado",-2,"demoralized"
"766","desmotivado",-2,"unmotivated"
"767","desorientado",-2,"disoriented"
"768","despectivo",-2,"disparaging"
"769","despedido",-2,"fired"
"770","despejado",1,"cleared"
"771","desperdicios",-2,"refuse"
"772","despistados",-2,"clueless"
"773","despotricar",-3,"rant"
"774","desprecio",-2,"contempt"
"775","despreocupado",1,"carefree"
"776","despreocupado",-2,"unconcerned"
"777","destellos",3,"sparkles"
"778","desterrar",-1,"banish"
"779","destrozada",-2,"shattered"
"780","destruccion",-3,"destruction"
"781","destructivo",-3,"destructive"
"782","destruido",-3,"destroyed"
"783","destruir",-3,"destroy"
"784","destruye",-3,"destroys"
"785","destruyendo",-3,"destroying"
"786","desventaja",-2,"disadvantage"
"787","desventaja",-2,"downside"
"788","desventurado",-2,"hapless"
"789","detencion",-2,"detention"
"790","detenciones",-2,"arrests"
"791","detener",-2,"detain"
"792","detener",-1,"stop"
"793","detenido",-3,"arrested"
"794","detenido",-2,"detained"
"795","detenido",-1,"stopped"
"796","determinado",2,"determined"
"797","detestado",-3,"loathed"
"798","detestar",-3,"loathe"
"799","deuda",-2,"debt"
"800","devastado",-2,"devastated"
"801","devastador",-2,"devastating"
"802","devastar",-2,"devastate"
"803","devoto",3,"devoted"
"804","diamante",1,"diamond"
"805","difamatorio",-2,"libelous"
"806","dificil",-1,"difficult"
"807","dificil",-1,"hard"
"808","dificil",-2,"uneasy"
"809","difiriendo",-1,"deferring"
"810","digno",2,"worthy"
"811","dilema",-1,"dilemma"
"812","Dios",1,"god"
"813","dipshit",-3,"dipshit"
"814","direccion correcta",3,"right direction"
"815","discordia",-2,"discord"
"816","disculpa",-1,"apologising"
"817","disculpa",-1,"apologizing"
"818","disculpa",-1,"apology"
"819","disculpo",-1,"apologised"
"820","disculpo",-1,"apologized"
"821","disfraces",-1,"disguises"
"822","disfraz",-1,"disguise"
"823","disfrazado",-1,"disguised"
"824","disfrazado",-1,"disguising"
"825","disfruta",2,"enjoys"
"826","disfrutando",2,"enjoying"
"827","disfrutar",2,"enjoy"
"828","disfuncion",-2,"dysfunction"
"829","disgustado",-3,"disgusted"
"830","disgustado",-2,"displeased"
"831","disgusto",-2,"chagrin"
"832","disgusto",-2,"dislike"
"833","disinclined",-2,"disinclined"
"834","disparar",-1,"shoot"
"835","disparates",-2,"nonsense"
"836","disparo",-2,"firing"
"837","disputa",-2,"dispute"
"838","disputando",-2,"disputing"
"839","disputas",-2,"disputes"
"840","disrespected",-2,"disrespected"
"841","disruptivo",-2,"disruptive"
"842","distorsiona",-2,"distorts"
"843","distorsionado",-2,"distorted"
"844","distorsionar",-2,"distort"
"845","distorsionista",-2,"distorting"
"846","distraccion",-2,"distraction"
"847","distrae",-2,"distracts"
"848","distraer",-2,"distract"
"849","distraido",-2,"distracted"
"850","disturbios",-2,"riots"
"851","diversion",3,"amusement"
"852","diversiones",3,"amusements"
"853","divertidisimo",2,"hilarious"
"854","divertido",3,"amused"
"855","divertido",4,"fun"
"856","dolor",-2,"ache"
"857","dolor",-2,"aching"
"858","dolor",-2,"grief"
"859","dolor",-2,"pain"
"860","dolor",-2,"sorrow"
"861","dolorido",-2,"pained"
"862","dolorido",-1,"sore"
"863","doloroso",-2,"dolorous"
"864","ducha",-3,"douche"
"865","duda",-1,"doubt"
"866","dudado",-1,"doubted"
"867","dudas",-1,"doubts"
"868","dudoso",-1,"doubtful"
"869","dudoso",-2,"dubious"
"870","duele",-2,"hurts"
"871","dulce",2,"sweet"
"872","duro",-2,"harsh"
"873","echar a perder",-2,"messing up"
"874","eficaz",2,"effective"
"875","eficazmente",2,"effectively"
"876","egoismo",-3,"selfishness"
"877","egoista",-3,"selfish"
"878","ejecuciones",-2,"foreclosures"
"879","el alivio",2,"relieving"
"880","el corazon roto",-3,"heartbroken"
"881","elacion",3,"elation"
"882","elegante",2,"chic"
"883","elegante",2,"debonair"
"884","elegante",2,"elegant"
"885","elogiado",2,"commended"
"886","elogiar",2,"commend"
"887","embaraza",-2,"embarrasses"
"888","embarazoso",-2,"embarrassing"
"889","embaucar",-2,"bamboozle"
"890","embellecer",3,"beautify"
"891","emergencia",-2,"emergency"
"892","emocion",3,"excitement"
"893","emocionado",2,"agog"
"894","emocionado",3,"excited"
"895","emocionante",3,"exciting"
"896","empalaga;",-3,"loathes"
"897","empatico",2,"empathetic"
"898","empeora",-3,"worsens"
"899","empeorado",-3,"worsened"
"900","empeoramiento",-3,"worsening"
"901","empeorar",-3,"worsen"
"902","empequenecer",-2,"belittle"
"903","empollando",-2,"brooding"
"904","emprendedor",1,"enterprising"
"905","en mal estado",-2,"messed"
"906","encalar",-3,"whitewash"
"907","encantada",2,"enchanted"
"908","Encantado",3,"delighted"
"909","encantador",3,"charming"
"910","encantador",3,"lovely"
"911","encantados",5,"thrilled"
"912","encanto",3,"charm"
"913","encarcelado",-2,"imprisoned"
"914","encarcelado",-2,"jailed"
"915","enconado",-2,"inflamed"
"916","endosado",2,"endorsed"
"917","endosar",2,"endorse"
"918","enemigo",-2,"enemy"
"919","enemigos",-2,"enemies"
"920","enemigos",-3,"haters"
"921","energetico",2,"energetic"
"922","energico",2,"brisk"
"923","energico",2,"spirited"
"924","enfado",-3,"anger"
"925","enfermedad",-2,"illness"
"926","enfermedades",-2,"illnesses"
"927","enfermo",-2,"ill"
"928","enfermos",-2,"sick"
"929","enfocado",2,"focused"
"930","enfurece",-2,"infuriates"
"931","Enfurecedora",-2,"enraging"
"932","enfurecer",-2,"enrage"
"933","enfurecer",-2,"infuriate"
"934","enfurecido",-2,"enraged"
"935","enfurecido",-2,"infuriated"
"936","engancha",1,"engages"
"937","engana",-3,"deceives"
"938","enganado",-2,"bamboozled"
"939","enganado",-3,"cheated"
"940","enganado",-3,"deceived"
"941","enganado",-2,"duped"
"942","enganar",-3,"cheat"
"943","enganar",-3,"deceive"
"944","enganar",-2,"dupe"
"945","engano",-3,"deceit"
"946","engano",-3,"deception"
"947","enganoso",-3,"deceitful"
"948","enganoso",-3,"deceiving"
"949","enganoso",-3,"misleading"
"950","engreido",-2,"cocky"
"951","enhorabuena",2,"congratulation"
"952","enjuicia",-1,"prosecutes"
"953","enjuiciamiento",-1,"prosecution"
"954","enjuiciar",-1,"prosecute"
"955","enloquecedor",-3,"maddening"
"956","enojado",-3,"angry"
"957","enojado",-3,"mad"
"958","enorme",1,"huge"
"959","enrages",-2,"enrages"
"960","ensordecedor",-1,"deafening"
"961","entender mal",-2,"misunderstand"
"962","entiende mal",-2,"misunderstands"
"963","entretener",3,"amuse"
"964","entretenido",2,"entertaining"
"965","entristecer",-2,"sadden"
"966","entristecido",-2,"saddened"
"967","entumecido",-1,"numb"
"968","entusiasta",3,"enthusiastic"
"969","envenenado",-2,"poisoned"
"970","envidia",-1,"envy"
"971","envidias",-1,"envies"
"972","envidioso",-2,"envious"
"973","envio de correo basura",-2,"spamming"
"974","equivocado",-2,"mistaken"
"975","erroneo",-2,"erroneous"
"976","error",-2,"error"
"977","Error",-2,"mistake"
"978","errores",-2,"errors"
"979","errores",-2,"mistakes"
"980","erupcion",-2,"rash"
"981","es una pena",-2,"ashame"
"982","escalofriante",-1,"chilling"
"983","escandalo",-3,"scandal"
"984","escandalos",-3,"scandals"
"985","escandaloso",-3,"scandalous"
"986","escapa",-1,"escapes"
"987","escapar",-1,"escape"
"988","escapar",-1,"escaping"
"989","escasez",-2,"shortage"
"990","escasez",-2,"shortages"
"991","escepticismo",-2,"skepticism"
"992","esceptico",-2,"sceptical"
"993","esceptico",-2,"skeptic"
"994","esceptico",-2,"skeptical"
"995","escepticos",-2,"skeptics"
"996","esclarecedor",2,"enlightening"
"997","esclavitud",-3,"slavery"
"998","esclaviza",-2,"enslaves"
"999","esclavizado",-2,"enslaved"
"1000","esclavizar",-2,"enslave"
"1001","esconder",-1,"hide"
"1002","escondido",-1,"hid"
"1003","escoria",-4,"scumbag"
"1004","esmeradamente",2,"elegantly"
"1005","espalda",1,"backs"
"1006","espantado",-2,"aghast"
"1007","especulativo",-2,"speculative"
"1008","Espera",-1,"awaits"
"1009","esperado",-1,"awaited"
"1010","esperando",2,"hoping"
"1011","esperanza",2,"hope"
"1012","esperanzado",2,"hopeful"
"1013","esperanzas",2,"hopes"
"1014","esperar",-1,"await"
"1015","espinoso",-2,"thorny"
"1016","espiritu",1,"spirit"
"1017","esplendido",3,"splendid"
"1018","espumoso",3,"sparkling"
"1019","esta de acuerdo",1,"agrees"
"1020","esta de duelo",-2,"mourns"
"1021","estable",2,"stable"
"1022","establecido",1,"vested"
"1023","estafa",-2,"scam"
"1024","estafa",-3,"swindle"
"1025","estafas",-2,"scams"
"1026","estafas",-3,"swindles"
"1027","estampida",-2,"stampede"
"1028","estancado",-2,"stalled"
"1029","estancamiento",-2,"stalling"
"1030","estar al acecho",-1,"lurk"
"1031","estereotipo",-2,"stereotype"
"1032","esteriotipado",-2,"stereotyped"
"1033","estimado",3,"admired"
"1034","estimado",2,"esteemed"
"1035","estimula",1,"stimulates"
"1036","estimulado",1,"stimulated"
"1037","estimulante",3,"exhilarating"
"1038","estimulante",2,"stimulating"
"1039","estimular",1,"stimulate"
"1040","estragos",-2,"havoc"
"1041","estrangulado",-2,"choked"
"1042","estrangulado",-2,"strangled"
"1043","estranguladores",-2,"chokes"
"1044","estresado",-2,"stressed"
"1045","estresor",-2,"stressor"
"1046","estupendo",3,"great"
"1047","estupendo",4,"terrific"
"1048","estupidamente",-2,"stupidly"
"1049","Estupido",-4,"asshole"
"1050","estupido",-2,"stupid"
"1051","etico",2,"ethical"
"1052","euforia",3,"euphoria"
"1053","euforico",4,"euphoric"
"1054","evita",-1,"averts"
"1055","Evita",-1,"avoids"
"1056","evitado",-1,"averted"
"1057","evitado",-1,"avoided"
"1058","evitar",-1,"avert"
"1059","evitar",-1,"avoid"
"1060","evitar",-1,"prevent"
"1061","exagera",-2,"exaggerates"
"1062","exageracion",-2,"overstatement"
"1063","exageraciones",-2,"overstatements"
"1064","exagerado",-2,"exaggerated"
"1065","exagerando",-2,"exaggerating"
"1066","exagerar",-2,"exaggerate"
"1067","exagerar",-2,"oversell"
"1068","exaltado",3,"elated"
"1069","exasperada",2,"exasperated"
"1070","exasperante",-2,"infuriating"
"1071","excelencia",3,"excellence"
"1072","excelente",3,"excellent"
"1073","excepcional",5,"outstanding"
"1074","exceso de peso",-1,"overweight"
"1075","excitar",3,"excite"
"1076","excluidos",-2,"excluded"
"1077","excluir",-1,"exclude"
"1078","exclusion",-1,"exclusion"
"1079","exclusivo",2,"exclusive"
"1080","excusa",-1,"excuse"
"1081","exhaustivo",2,"comprehensive"
"1082","exigente",-1,"demanding"
"1083","exigido",-1,"demanded"
"1084","eximir",-1,"exempt"
"1085","exito",2,"success"
"1086","exito de taquilla",3,"blockbuster"
"1087","exitoso",3,"successful"
"1088","exonera",2,"exonerates"
"1089","exonerado",2,"exonerated"
"1090","exonerando",2,"exonerating"
"1091","exonerar",2,"exonerate"
"1092","expande",1,"expands"
"1093","expandir",1,"expand"
"1094","exploits",-2,"exploits"
"1095","exploracion",1,"exploration"
"1096","exploraciones",1,"explorations"
"1097","explotado",-2,"exploited"
"1098","explotado",-2,"wronged"
"1099","explotando",-2,"exploiting"
"1100","explotar",-2,"exploit"
"1101","expone",-1,"exposes"
"1102","exponer",-1,"expose"
"1103","exposicion",-1,"exposing"
"1104","expuesto",-1,"exposed"
"1105","expulsa",-2,"expels"
"1106","expulsado",-2,"expelled"
"1107","expulsando",-2,"expelling"
"1108","expulsar",-2,"expel"
"1109","extasiar",3,"enrapture"
"1110","extasis",2,"raptures"
"1111","extatico",4,"ecstatic"
"1112","extatico",4,"rapturous"
"1113","extranamente",-1,"strangely"
"1114","extrano",-2,"bizarre"
"1115","extrano",-1,"strange"
"1116","extrano",-2,"weird"
"1117","exuberante",4,"exuberant"
"1118","exultante",3,"exultantly"
"1119","fabuloso",4,"fabulous"
"1120","facil",1,"easy"
"1121","facilitar",2,"ease"
"1122","factores de estres",-2,"stressors"
"1123","faggots",-3,"faggots"
"1124","falla",-2,"fails"
"1125","fallar",-2,"fail"
"1126","falsificacion",-3,"faking"
"1127","falsificaciones",-3,"fakes"
"1128","falsificado",-3,"falsified"
"1129","falsificar",-3,"falsify"
"1130","falso",-2,"dud"
"1131","falso",-3,"fake"
"1132","falta de respeto",-2,"disrespect"
"1133","fama",1,"fame"
"1134","famelico",-2,"starved"
"1135","fanatico",-2,"zealot"
"1136","fanaticos",-2,"zealots"
"1137","fantasma",-1,"ghost"
"1138","fantastico",4,"fantastic"
"1139","farsa",-1,"farce"
"1140","farsa",-2,"hoax"
"1141","fascina",3,"fascinates"
"1142","fascinado",3,"fascinated"
"1143","fascinante",3,"fascinating"
"1144","fascinar",3,"fascinate"
"1145","fascista",-2,"fascist"
"1146","fascistas",-2,"fascists"
"1147","fastidioso",-2,"bothersome"
"1148","fatalidad",-3,"fatality"
"1149","fatiga",-2,"fatigue"
"1150","fatigado",-2,"fatigued"
"1151","fatigas",-2,"fatigues"
"1152","fatigoso",-2,"fatiguing"
"1153","favor",2,"favor"
"1154","favorecido",2,"favored"
"1155","favores",2,"favors"
"1156","favorito",2,"favorite"
"1157","favorito",2,"favorited"
"1158","favoritos",2,"favorites"
"1159","fe",1,"faith"
"1160","felicidad",3,"bliss"
"1161","felicidad",3,"happiness"
"1162","felicidades",2,"congrats"
"1163","felicitaciones",2,"congratulations"
"1164","felicitar",2,"congratulate"
"1165","feliz",3,"blissful"
"1166","feo",-3,"ugly"
"1167","ferviente",2,"fervent"
"1168","fervoroso",2,"fervid"
"1169","festivo",2,"festive"
"1170","fiasco",-3,"fiasco"
"1171","fiel",3,"faithful"
"1172","filtrada",-1,"leaked"
"1173","finge",-1,"pretends"
"1174","fingir",-1,"pretend"
"1175","firme",2,"steadfast"
"1176","flop",-2,"flops"
"1177","fobico",-2,"phobic"
"1178","follada",-4,"fucked"
"1179","fortalece",2,"strengthens"
"1180","fortalecer",2,"strengthen"
"1181","fortalecimiento",2,"strengthening"
"1182","fortificado",2,"strengthened"
"1183","forzado",-1,"forced"
"1184","fracaso",-2,"failure"
"1185","fracaso",-2,"flop"
"1186","fracasos",-2,"failures"
"1187","frase",-2,"sentence"
"1188","frases",-2,"sentences"
"1189","fraude",-4,"fraud"
"1190","fraude",-4,"fraudulence"
"1191","fraudes",-4,"frauds"
"1192","fraudulento",-4,"fraudulent"
"1193","frenesi",-3,"frenzy"
"1194","frenetico",-1,"frantic"
"1195","Fresco",1,"fresh"
"1196","frikin",-2,"frikin"
"1197","frotis",-2,"smear"
"1198","frustra",-2,"frustrates"
"1199","frustracion",-2,"frustration"
"1200","frustrado",-2,"frustrated"
"1201","frustrado",-2,"thwarted"
"1202","frustrante",-2,"frustrating"
"1203","frustrar",-2,"frustrate"
"1204","frustrar",-2,"thwart"
"1205","frustrar",-2,"thwarting"
"1206","ftw",3,"ftw"
"1207","Fuckface",-4,"fuckface"
"1208","fuckhead",-4,"fuckhead"
"1209","fucktard",-4,"fucktard"
"1210","FUD",-3,"fud"
"1211","fuego",-2,"fire"
"1212","fuerte",2,"strong"
"1213","fuerza",2,"strength"
"1214","fuga",-1,"leak"
"1215","fuked",-4,"fuked"
"1216","fuking",-4,"fuking"
"1217","fumante",-2,"fuming"
"1218","funeral",-1,"funeral"
"1219","funerales",-1,"funerals"
"1220","furioso",-3,"furious"
"1221","furtivo",-1,"sneaky"
"1222","futil",2,"futile"
"1223","galante",3,"gallant"
"1224","galanteria",3,"gallantry"
"1225","galardonado",3,"awarded"
"1226","gallardamente",3,"gallantly"
"1227","gamberrismo",-2,"hooliganism"
"1228","gamberro",-2,"hooligan"
"1229","ganado",2,"gained"
"1230","ganador",4,"winner"
"1231","ganancia",2,"gain"
"1232","ganancias",2,"gains"
"1233","ganando",2,"gaining"
"1234","ganar",4,"win"
"1235","garantia",1,"guarantee"
"1236","gemia",-2,"moaned"
"1237","gemido",-2,"moan"
"1238","gemidos",-2,"moaning"
"1239","gemidos",-2,"moans"
"1240","generoso",2,"generous"
"1241","genial",3,"genial"
"1242","gilipollas",-4,"dickhead"
"1243","gilipollas",-3,"douchebag"
"1244","gilipollas",-4,"shithead"
"1245","gilipollas",-3,"wanker"
"1246","glamour",3,"glamourous"
"1247","gloria",2,"glory"
"1248","glorioso",2,"glorious"
"1249","golpe",-2,"slam"
"1250","golpeado",-1,"struck"
"1251","gorron",-2,"bummer"
"1252","gracia",1,"grace"
"1253","gracias",2,"thank"
"1254","Gracias",2,"thanks"
"1255","gracioso",4,"funny"
"1256","grande",1,"big"
"1257","grandioso",3,"grand"
"1258","granizado",2,"hailed"
"1259","granizo",2,"hail"
"1260","gratificacion",2,"gratification"
"1261","gratificante",2,"rewarding"
"1262","gratis",1,"free"
"1263","grave",-2,"severe"
"1264","greenwasher",-3,"greenwasher"
"1265","greenwashers",-3,"greenwashers"
"1266","gripe",-2,"flu"
"1267","gris",-1,"gray"
"1268","gris",-1,"grey"
"1269","gritado",-2,"screamed"
"1270","gritando",-2,"screaming"
"1271","gritar",-2,"scream"
"1272","grito",-2,"outcry"
"1273","guarida",-1,"haunt"
"1274","Guau",4,"wow"
"1275","guay",1,"cool"
"1276","guerra",-2,"war"
"1277","guerra",-2,"warfare"
"1278","gusto",2,"liked"
"1279","gustos",2,"likes"
"1280","ha fallado",-2,"failed"
"1281","habil",2,"nifty"
"1282","habilidades",2,"abilities"
"1283","hacer dano",-2,"harming"
"1284","hacer descarrilar",-2,"derail"
"1285","hacha",-1,"axe"
"1286","hackeado",-1,"hacked"
"1287","hahahah",3,"hahahah"
"1288","hambre",-2,"hunger"
"1289","harto",-3,"fed up"
"1290","herir",-2,"hurt"
"1291","hermosa",3,"beautiful"
"1292","hermosamente",3,"beautifully"
"1293","heroe",2,"hero"
"1294","heroes",2,"heroes"
"1295","heroico",3,"heroic"
"1296","hijo de puta",-5,"motherfucker"
"1297","Hijo de puta",-5,"son-of-a-bitch"
"1298","hijos de puta",-4,"fuckers"
"1299","hipocrita",-2,"hypocritical"
"1300","histeria",-3,"hysteria"
"1301","histerico",-3,"hysterical"
"1302","histerismo",-3,"hysterics"
"1303","homenaje",2,"honoring"
"1304","homenaje",2,"honouring"
"1305","honesto",2,"honest"
"1306","honor",2,"honor"
"1307","honor",2,"honour"
"1308","honrado",2,"honored"
"1309","honrado",2,"honoured"
"1310","hooligans",-2,"hooligans"
"1311","horrendo",-3,"horrendous"
"1312","horrendo",-3,"horrific"
"1313","horrible",-3,"awful"
"1314","horrible",-3,"direful"
"1315","horrible",-3,"horrible"
"1316","horrorizado",-3,"horrified"
"1317","hosco",-2,"sullen"
"1318","hostil",-2,"hostile"
"1319","Huelga",-1,"strike"
"1320","huelgas",-1,"strikes"
"1321","humerous",3,"humerous"
"1322","humillacion",-3,"humiliation"
"1323","humillado",-3,"humiliated"
"1324","humor",2,"humor"
"1325","humor",2,"humour"
"1326","humoristico",2,"humorous"
"1327","Hurra",5,"hurrah"
"1328","huye",-1,"flees"
"1329","idiota",-3,"idiot"
"1330","idiota",-3,"idiotic"
"1331","idiota",-3,"moron"
"1332","ignora",-1,"ignores"
"1333","ignorado",-2,"disregarded"
"1334","ignorado",-2,"ignored"
"1335","ignorancia",-2,"ignorance"
"1336","ignorante",-2,"ignorant"
"1337","ignorar",-1,"ignore"
"1338","ilegal",-3,"illegal"
"1339","Ilumina",2,"enlightens"
"1340","iluminar",2,"enlighten"
"1341","ilustrado",2,"enlightened"
"1342","imbecil",-3,"imbecile"
"1343","imbecil",-3,"jerk"
"1344","imbecil",-2,"mindless"
"1345","impaciente",-2,"impatient"
"1346","impar",-2,"odd"
"1347","Imparable",2,"unstoppable"
"1348","imparcial",2,"unbiased"
"1349","impedido",-1,"prevented"
"1350","imperfecto",-2,"imperfect"
"1351","impermeable",2,"slicker"
"1352","implacable",-1,"relentless"
"1353","impone",-1,"imposes"
"1354","imponente",-1,"imposing"
"1355","imponer",-1,"impose"
"1356","importancia",2,"importance"
"1357","importante",2,"important"
"1358","importar",1,"matter"
"1359","impotente",-2,"impotent"
"1360","impotente",-2,"powerless"
"1361","impresiona",3,"impresses"
"1362","impresionado",3,"impressed"
"1363","impresionado",-2,"unimpressed"
"1364","impresionante",3,"impressive"
"1365","impresionar",3,"impress"
"1366","impuesto",-1,"imposed"
"1367","impulsado",1,"boosted"
"1368","impulsar",1,"boosting"
"1369","inaccion",-2,"inaction"
"1370","inaceptable",-2,"unacceptable"
"1371","inadecuado",-2,"inadequate"
"1372","incapacidad",-2,"inability"
"1373","incapacitado",-2,"incapacitated"
"1374","incapacitante",-1,"disabling"
"1375","incapaz",-2,"incapable"
"1376","incierto",-1,"uncertain"
"1377","incomodo",-2,"uncomfortable"
"1378","incompetencia",-2,"incompetence"
"1379","incompetente",-2,"incompetent"
"1380","incomprendido",-2,"misunderstood"
"1381","inconexo",-2,"disjointed"
"1382","inconfirmado",-1,"unconfirmed"
"1383","inconsciente",-2,"unaware"
"1384","inconveniencia",-2,"inconvenience"
"1385","inconveniente",-2,"inconvenient"
"1386","incorrecto",-2,"wrong"
"1387","incredulo",-1,"unbelieving"
"1388","increible",4,"awesome"
"1389","increible",-1,"unbelievable"
"1390","incrementar",1,"increase"
"1391","incumplida",-2,"unfulfilled"
"1392","indeciso",-2,"indecisive"
"1393","indeciso",-1,"undecided"
"1394","indefenso",-2,"defenseless"
"1395","indefenso",-2,"helpless"
"1396","indeseable",-2,"undesirable"
"1397","indestructible",2,"indestructible"
"1398","indiferencia",-2,"disregard"
"1399","indiferencia",-2,"indifference"
"1400","indiferente",-2,"indifferent"
"1401","indignacion",-2,"indignation"
"1402","indignado",-2,"incensed"
"1403","indignado",-2,"indignant"
"1404","indignados",-3,"outraged"
"1405","indigno de",-2,"unworthy"
"1406","indulgente",1,"forgiving"
"1407","indulgente",1,"lenient"
"1408","indultos",2,"pardons"
"1409","ineficaz",-2,"ineffective"
"1410","ineficazmente",-2,"ineffectively"
"1411","inestable",-1,"unsettled"
"1412","inestable",-2,"unstable"
"1413","infantil",-2,"childish"
"1414","infatuacion",2,"infatuation"
"1415","infectado",-2,"infected"
"1416","infeliz",-2,"unhappy"
"1417","inferior",-2,"inferior"
"1418","infierno",-4,"hell"
"1419","influyente",2,"influential"
"1420","informacion erronea",-2,"misreporting"
"1421","infortunio",-2,"haplessness"
"1422","infraccion",-2,"infringement"
"1423","infractor",-2,"offending"
"1424","ingenuo",-2,"naive"
"1425","inhibir",-1,"inhibit"
"1426","injusticia",-2,"injustice"
"1427","injusto",-2,"unfair"
"1428","injusto",-2,"unjust"
"1429","inmortal",2,"immortal"
"1430","inmovilizado",-1,"immobilized"
"1431","inmune",1,"immune"
"1432","innova",1,"innovates"
"1433","innovacion",1,"innovation"
"1434","innovador",2,"innovative"
"1435","innovar",1,"innovate"
"1436","inquieto",-2,"restless"
"1437","inquisicion",-2,"inquisition"
"1438","inquisitivo",2,"inquisitive"
"1439","insalubre",-2,"unhealthy"
"1440","insano",-2,"insane"
"1441","insatisfecho",-2,"dissatisfied"
"1442","insatisfecho",-2,"unsatisfied"
"1443","inseguro",-1,"doubting"
"1444","inseguro",-2,"insecure"
"1445","inseguro",-1,"unsure"
"1446","insensibilidad",-2,"insensitivity"
"1447","insensible",-2,"insensitive"
"1448","insignificante",-2,"insignificant"
"1449","insipido",-2,"insipid"
"1450","insistente",-1,"pushy"
"1451","insomnio",-2,"sleeplessness"
"1452","inspira",2,"inspires"
"1453","inspiracion",2,"inspiration"
"1454","Inspirado",2,"inspirational"
"1455","inspirado",2,"inspired"
"1456","inspirador",3,"inspiring"
"1457","inspirar",2,"inspire"
"1458","insultado",-2,"insulted"
"1459","insultante",-2,"insulting"
"1460","insulto",-2,"insult"
"1461","insultos",-2,"insults"
"1462","intacto",2,"intact"
"1463","integridad",2,"integrity"
"1464","inteligente",2,"clever"
"1465","inteligente",2,"intelligent"
"1466","inteligente",1,"smart"
"1467","intenso",1,"intense"
"1468","interesado",2,"interested"
"1469","interesante",2,"interesting"
"1470","interesar",1,"interest"
"1471","intereses",1,"interests"
"1472","interrogado",-2,"interrogated"
"1473","interrogatorio",-1,"questioning"
"1474","interrumpido",-2,"interrupted"
"1475","interrumpiendo",-2,"interrupting"
"1476","interrumpir",-2,"interrupt"
"1477","interrupcion",-2,"interruption"
"1478","interrupciones",-2,"disruptions"
"1479","interrupciones",-2,"interrupts"
"1480","intimida",-2,"intimidates"
"1481","intimidacion",-2,"intimidation"
"1482","intimidante",-2,"intimidating"
"1483","intimidar",-2,"intimidate"
"1484","intimidar",-2,"intimidated"
"1485","intitulado",1,"entitled"
"1486","intrepido",2,"dauntless"
"1487","intrigas",1,"intrigues"
"1488","intrincado",2,"intricate"
"1489","inutil",-2,"useless"
"1490","inutilidad",-2,"uselessness"
"1491","invencible",2,"invincible"
"1492","invitacion",1,"invite"
"1493","invulnerable",2,"invulnerable"
"1494","ironia",-1,"irony"
"1495","ironico",-1,"ironic"
"1496","irracional",-1,"irrational"
"1497","irresistible",2,"irresistible"
"1498","irresoluto",-2,"irresolute"
"1499","irresponsable",2,"irresponsible"
"1500","irreversible",-1,"irreversible"
"1501","irritado",-2,"annoyed"
"1502","irritado",-3,"irritated"
"1503","irritante",-3,"irritating"
"1504","irritante",-2,"vexing"
"1505","irritar",-3,"irritate"
"1506","jackasses",-4,"jackasses"
"1507","jactancioso",-2,"boastful"
"1508","jaja",3,"haha"
"1509","jajaja",3,"hahaha"
"1510","Jesus",1,"jesus"
"1511","jocoso",2,"jocular"
"1512","jovial",2,"jovial"
"1513","joya",1,"jewel"
"1514","joyas",1,"jewels"
"1515","jubiloso",3,"exultant"
"1516","jubiloso",3,"gleeful"
"1517","jubiloso",3,"joyous"
"1518","jubiloso",3,"jubilant"
"1519","jugueton",2,"playful"
"1520","juicio hipotecario",-2,"foreclosure"
"1521","jura",-2,"swears"
"1522","jurar",-2,"swear"
"1523","justa",2,"fair"
"1524","justicia",2,"justice"
"1525","justificadamente",2,"justifiably"
"1526","justificado",2,"justified"
"1527","juvenil",2,"youthful"
"1528","kills",-3,"kills"
"1529","Kinder",2,"kinder"
"1530","la prevencion",-1,"preventing"
"1531","la resolucion",1,"solving"
"1532","la seguridad",1,"safety"
"1533","ladron",-2,"robber"
"1534","lag",-2,"lagged"
"1535","lagrimas",-2,"tears"
"1536","lamentable",-3,"woeful"
"1537","lamentando",-2,"regretting"
"1538","lamentar",-2,"regret"
"1539","lamentar",-2,"regretted"
"1540","languido",-2,"lackadaisical"
"1541","lanzado",1,"launched"
"1542","lastima",-2,"pity"
"1543","lastimoso",-2,"piteous"
"1544","late",-2,"annoys"
"1545","latoso",-2,"annoying"
"1546","laughting",1,"laughting"
"1547","lavado del cerebro",-3,"brainwashing"
"1548","lavado verde",-3,"green wash"
"1549","lavado verde",-3,"green washing"
"1550","lavado verde",-3,"greenwash"
"1551","lavado verde",-3,"greenwashing"
"1552","lawl",3,"lawl"
"1553","leal",3,"loyal"
"1554","lealtad",3,"loyalty"
"1555","leer mal",-1,"misread"
"1556","legal",1,"legal"
"1557","legalmente",1,"legally"
"1558","lento",-2,"sluggish"
"1559","lesion",-2,"injury"
"1560","lesionado",-2,"injured"
"1561","letargico",-2,"lethargic"
"1562","letargo",-2,"lethargy"
"1563","libertad",2,"freedom"
"1564","limitacion",-1,"limitation"
"1565","limitado",-1,"limited"
"1566","limites",-1,"limits"
"1567","limpiador",2,"cleaner"
"1568","limpiar",2,"clean"
"1569","linda",2,"cute"
"1570","lio",-2,"mess"
"1571","listo",-2,"poised"
"1572","litigio",-1,"litigation"
"1573","litigioso",-2,"litigious"
"1574","livido",-2,"livid"
"1575","llanto",-2,"weeping"
"1576","llantos",-2,"cries"
"1577","llegar",1,"reaching"
"1578","lleno de alegria",4,"overjoyed"
"1579","lleno de savia",-1,"sappy"
"1580","llorado",-2,"cried"
"1581","llorado",-2,"mourned"
"1582","llorando",-2,"crying"
"1583","llorar",-1,"cry"
"1584","llorar",-2,"mourn"
"1585","llorar",-2,"weep"
"1586","lluvioso",-1,"rainy"
"1587","lmao",4,"lmao"
"1588","lmfao",4,"lmfao"
"1589","lo siento",-1,"sorry"
"1590","loca",-2,"crazy"
"1591","locamente",-3,"madly"
"1592","loco",-2,"crazier"
"1593","locos",-3,"lunatics"
"1594","locura",-2,"insanity"
"1595","Locura",-3,"madness"
"1596","logra",2,"accomplishes"
"1597","lol",3,"lol"
"1598","los spammers",-3,"spammers"
"1599","lovelies",3,"lovelies"
"1600","lucha",-1,"fight"
"1601","lucha",-2,"struggle"
"1602","luchado",-2,"struggled"
"1603","luchando",-2,"struggling"
"1604","luchas",-2,"struggles"
"1605","lugubre",-2,"lugubrious"
"1606","lunatico",-3,"lunatic"
"1607","luto",-2,"mourning"
"1608","maduro",2,"mature"
"1609","magnifico",5,"superb"
"1610","mal",-3,"badly"
"1611","mal",-3,"evil"
"1612","mal comportamiento",-2,"misbehaving"
"1613","mal humor",-2,"sulking"
"1614","mal informado",-2,"misinformed"
"1615","maldicion",-1,"curse"
"1616","maldicion",-4,"damnit"
"1617","Maldita sea",-4,"damn"
"1618","maldito",-4,"damned"
"1619","maldito",-4,"fucking"
"1620","maldito",-3,"goddamn"
"1621","maldito",-2,"pesky"
"1622","malentendido",-2,"misunderstanding"
"1623","males",-1,"mischiefs"
"1624","malevolo",-2,"spiteful"
"1625","malhumorado",-2,"mumpish"
"1626","malhumorado",-2,"sulky"
"1627","malinterpretado",-2,"misinterpreted"
"1628","malo",-3,"bad"
"1629","malvado",-2,"wicked"
"1630","mancha",2,"slick"
"1631","manifestantes",-2,"protesters"
"1632","manipulacion",-1,"manipulating"
"1633","manipulacion",-1,"manipulation"
"1634","manipulado",-1,"manipulated"
"1635","maravilla",3,"marvel"
"1636","maravillas",3,"marvels"
"1637","maravilloso",3,"marvelous"
"1638","maravilloso",4,"stunning"
"1639","maravilloso",4,"wonderful"
"1640","mareado",-1,"dizzy"
"1641","mareado",-2,"giddy"
"1642","maricon",-3,"fag"
"1643","maricon",-3,"faggot"
"1644","mas baja",-1,"lowest"
"1645","mas brillante",2,"brightest"
"1646","mas divertido",4,"funnier"
"1647","mas duras",-2,"harshest"
"1648","mas duro",-2,"harsher"
"1649","mas fuerte",2,"stronger"
"1650","mas fuerte",2,"strongest"
"1651","mas inteligente",2,"smarter"
"1652","mas inteligente",2,"smartest"
"1653","mas loca",-2,"craziest"
"1654","mas oscura",-2,"darkest"
"1655","mas pobre",-2,"poorer"
"1656","mas pobre",-2,"poorest"
"1657","mas resistentes",2,"hardier"
"1658","mas sucio",-2,"dirtier"
"1659","mas sucio",-2,"dirtiest"
"1660","matar",-3,"kill"
"1661","maton",-2,"bully"
"1662","mayor",3,"greater"
"1663","mayor",3,"greatest"
"1664","me gusta",2,"like"
"1665","meando",-3,"pissing"
"1666","mear",-4,"piss"
"1667","medalla",3,"medal"
"1668","mediocridad",-3,"mediocrity"
"1669","meditativo",1,"meditative"
"1670","mejor",3,"best"
"1671","mejor que",2,"better"
"1672","mejora",2,"improvement"
"1673","mejora",2,"improves"
"1674","mejorado",2,"improved"
"1675","mejorando",2,"improving"
"1676","mejorar",2,"improve"
"1677","melancolia",-2,"melancholy"
"1678","melancolico",-2,"gloomy"
"1679","melancolico",-1,"mope"
"1680","menospreciado",-2,"belittled"
"1681","menospreciado",-2,"disparaged"
"1682","menospreciar",-2,"disparage"
"1683","menosprecie",-2,"disparages"
"1684","mentiroso",-3,"liar"
"1685","mentirosos",-3,"liars"
"1686","mercachifle",-2,"huckster"
"1687","metodico",2,"methodical"
"1688","miedo",-2,"fear"
"1689","miedoso",2,"funky"
"1690","mierda",-4,"bullshit"
"1691","mierda",-3,"crap"
"1692","Mierda",-4,"fuck"
"1693","mierda",-4,"shit"
"1694","milagro",4,"miracle"
"1695","minado",-2,"undermined"
"1696","minando",-2,"undermining"
"1697","mintio",-2,"lied"
"1698","miope",-2,"short-sighted"
"1699","miopia",-2,"short-sightedness"
"1700","mirthfully",3,"mirthfully"
"1701","miserable",-3,"miserable"
"1702","miseria",-2,"misery"
"1703","misericordia",2,"mercy"
"1704","misterioso",-2,"eerie"
"1705","misterioso",-2,"eery"
"1706","mito",-1,"myth"
"1707","moda",-2,"fad"
"1708","molesta",-2,"bothers"
"1709","molestado",-2,"bothered"
"1710","molestar",-2,"annoy"
"1711","molestar",-2,"disturb"
"1712","molestia",-2,"annoyance"
"1713","molestia",-2,"bother"
"1714","molesto",-4,"pissed"
"1715","mongering",-2,"mongering"
"1716","monopoliza",-2,"monopolizes"
"1717","monopolizado",-2,"monopolized"
"1718","monopolizar",-2,"monopolize"
"1719","moping",-1,"moping"
"1720","mordaz",-3,"acrimonious"
"1721","mordaza",-2,"gag"
"1722","morir",-3,"die"
"1723","morir de hambre",-2,"starve"
"1724","motivacion",1,"motivation"
"1725","motivado",2,"motivated"
"1726","motivador",2,"motivating"
"1727","motivar",1,"motivate"
"1728","muere de hambre",-2,"starves"
"1729","muerte",-2,"death"
"1730","muerto",-3,"dead"
"1731","multa",2,"fine"
"1732","muriendo de hambre",-2,"starving"
"1733","murio",-3,"died"
"1734","musarana",-4,"shrew"
"1735","n00b",-2,"n00b"
"1736","natural",1,"natural"
"1737","necesitado",-2,"needy"
"1738","negado",-2,"denied"
"1739","negador",-2,"denier"
"1740","negadores",-2,"deniers"
"1741","negando",-2,"denying"
"1742","negandose",-2,"refusing"
"1743","negar",-2,"deny"
"1744","negatividad",-2,"negativity"
"1745","negativo",-2,"negative"
"1746","negligencia",-2,"neglect"
"1747","negligencias",-2,"neglects"
"1748","negociar",2,"bargain"
"1749","negrita",2,"bold"
"1750","negro",-5,"nigger"
"1751","nervios",-1,"nerves"
"1752","nerviosamente",-2,"nervously"
"1753","nervioso",-2,"fidgety"
"1754","nervioso",-2,"flustered"
"1755","nervioso",-2,"nervous"
"1756","niebla toxica",-2,"smog"
"1757","niega",-2,"denies"
"1758","Niggas",-5,"niggas"
"1759","no",-1,"no"
"1760","no amable",-2,"unlovable"
"1761","no aprobado",-2,"unapproved"
"1762","no creer",-2,"disbelieve"
"1763","no deseado",-2,"unwanted"
"1764","no es divertido",-3,"no fun"
"1765","no esta bien",-2,"not good"
"1766","no funciona",-3,"does not work"
"1767","no funciona",-3,"not working"
"1768","no profesional",-2,"unprofessional"
"1769","no puede soportar",-3,"can't stand"
"1770","no sofisticado",-2,"unsophisticated"
"1771","no te gusta",-2,"dont like"
"1772","noble",2,"noble"
"1773","nostalgico",-2,"homesick"
"1774","notable",2,"remarkable"
"1775","notorio",-2,"notorious"
"1776","novato",-2,"noob"
"1777","novela",2,"novel"
"1778","nubes",-2,"troubles"
"1779","nublada",-1,"clouded"
"1780","nueces",-3,"nuts"
"1781","objeto de dumping",-2,"dumped"
"1782","obligado",1,"compelled"
"1783","obligatorio",-1,"mandatory"
"1784","obliterado",-2,"obliterated"
"1785","obliterar",-2,"obliterate"
"1786","obra maestra",4,"masterpiece"
"1787","obras maestras",4,"masterpieces"
"1788","obsceno",-2,"obscene"
"1789","obsesionado",-2,"haunted"
"1790","obsesionado",2,"obsessed"
"1791","obsesionante",1,"haunting"
"1792","obsoleto",-2,"obsolete"
"1793","obstaculo",-2,"hindrance"
"1794","obstaculo",-2,"obstacle"
"1795","obstaculos",-2,"obstacles"
"1796","obstinado",-2,"obstinate"
"1797","obstinado",-2,"stubborn"
"1798","obstruido",-1,"blocked"
"1799","ocultacion",-1,"hiding"
"1800","odiado",-3,"hated"
"1801","odiando",-3,"hating"
"1802","odio",-3,"hate"
"1803","odios",-3,"hates"
"1804","ofende",-2,"offends"
"1805","ofender",-2,"offend"
"1806","ofendido",-2,"offended"
"1807","oferta",2,"tender"
"1808","Ojala",2,"hopefully"
"1809","OKS",2,"oks"
"1810","olvidadizo",-2,"forgetful"
"1811","olvidado",-1,"forgotten"
"1812","olvidar",-1,"forget"
"1813","ominoso",3,"ominous"
"1814","oportunidad",2,"chance"
"1815","oportunidad",2,"opportunity"
"1816","oportunidades",2,"opportunities"
"1817","opresivo",-2,"oppressive"
"1818","oprimidos",-2,"oppressed"
"1819","optimismo",2,"optimism"
"1820","optimista",2,"optimistic"
"1821","optionless",-2,"optionless"
"1822","ora",1,"prays"
"1823","orar",1,"pray"
"1824","orgullo",2,"proudly"
"1825","orgulloso",2,"proud"
"1826","oscuridad",-1,"darkness"
"1827","oscuridad",-1,"gloom"
"1828","outmaneuvered",-2,"outmaneuvered"
"1829","overreacted",-2,"overreacted"
"1830","overselling",-2,"overselling"
"1831","oversells",-2,"oversells"
"1832","oximoron",-1,"oxymoron"
"1833","pacifico",2,"peaceful"
"1834","paga",-1,"pay"
"1835","pagado",2,"acquitted"
"1836","paja",-2,"blah"
"1837","paliza",-1,"beating"
"1838","panico",-3,"panic"
"1839","panico",-3,"panicked"
"1840","panicos",-3,"panics"
"1841","parada",-1,"stopping"
"1842","paradas",-1,"stops"
"1843","paradoja",-1,"paradox"
"1844","paraiso",3,"paradise"
"1845","parcial",-2,"biased"
"1846","parcialidad",-1,"bias"
"1847","pardoning",2,"pardoning"
"1848","parlamentar",-1,"parley"
"1849","parodia",-2,"travesty"
"1850","paros",-2,"walkouts"
"1851","parte superior",2,"top"
"1852","partidarios",1,"supporters"
"1853","pasado",-1,"worn"
"1854","pasado por alto",-1,"overlooked"
"1855","pasivamente",-1,"passively"
"1856","pasivo",-1,"passive"
"1857","pasmosamente",3,"astoundingly"
"1858","patetico",-2,"pathetic"
"1859","pavor",-2,"dread"
"1860","paz",2,"peace"
"1861","pecaminoso",-3,"sinful"
"1862","pedir disculpas",-1,"apologise"
"1863","pedir disculpas",-1,"apologize"
"1864","peligro",-2,"danger"
"1865","peligro",-2,"jeopardy"
"1866","peligro",-2,"peril"
"1867","pena",-2,"penalty"
"1868","penetracion",3,"breakthrough"
"1869","pensativo",-1,"pensive"
"1870","pensativo",2,"thoughtful"
"1871","peor",-3,"worse"
"1872","peor",-3,"worst"
"1873","perdedor",-3,"loser"
"1874","perder",-2,"miss"
"1875","perdida",-3,"loss"
"1876","perdido",-2,"missed"
"1877","perdiendo",-3,"losing"
"1878","perdio",-3,"lost"
"1879","perdon",2,"pardon"
"1880","perdonado",2,"pardoned"
"1881","perdonar",1,"forgive"
"1882","perezoso",-1,"lazy"
"1883","perfecciona",2,"perfects"
"1884","perfeccionado",2,"perfected"
"1885","perfectamente",3,"perfectly"
"1886","Perfecto",3,"perfect"
"1887","perjudicado",-2,"disadvantaged"
"1888","perjudicado",-2,"harmed"
"1889","perjudicial",-2,"harmful"
"1890","perjurio",-3,"perjury"
"1891","permitir",1,"allow"
"1892","perplejo",-2,"perplexed"
"1893","perplejo",-2,"puzzled"
"1894","perra",-5,"bitch"
"1895","perras",-5,"bitches"
"1896","perseguidos",-2,"persecuted"
"1897","perseguir",-2,"persecute"
"1898","perseguir",-2,"persecuting"
"1899","persigue",-2,"persecutes"
"1900","perspectiva",1,"prospect"
"1901","perspectivas",1,"prospects"
"1902","perturba",-2,"disturbs"
"1903","perturbado",-2,"disturbed"
"1904","perturbado",-2,"perturbed"
"1905","perturbador",-2,"disturbing"
"1906","pesimismo",-2,"pessimism"
"1907","pesimista",-2,"pessimistic"
"1908","pesimo",-2,"appalling"
"1909","petrificado",-2,"petrified"
"1910","picado",-2,"piqued"
"1911","picante",-2,"itchy"
"1912","pierde",-3,"looses"
"1913","pinchazo",-5,"prick"
"1914","pintoresco",2,"picturesque"
"1915","pique",-2,"pique"
"1916","pistola",-1,"gun"
"1917","Placer",3,"pleasure"
"1918","pobre",-2,"poor"
"1919","pobreza",-1,"poverty"
"1920","poco claro",-1,"unclear"
"1921","poco etico",-2,"unethical"
"1922","poderoso",2,"powerful"
"1923","polemica",-2,"controversially"
"1924","polemico",-2,"controversial"
"1925","polla",-5,"cock"
"1926","polla",-4,"dick"
"1927","popular",3,"popular"
"1928","Por favor",1,"please"
"1929","por suerte",3,"luckily"
"1930","porta mal",-2,"misbehaves"
"1931","portado mal",-2,"misbehaved"
"1932","portarse mal",-2,"misbehave"
"1933","posesivo",-2,"possessive"
"1934","posibilidades",2,"chances"
"1935","positivo",2,"positive"
"1936","pospone",-1,"postpones"
"1937","posponer",-1,"postpone"
"1938","posponiendo",-1,"postponing"
"1939","pospuesto",-1,"postponed"
"1940","prblm",-2,"prblm"
"1941","prblms",-2,"prblms"
"1942","pregonan",-2,"touting"
"1943","premio",3,"award"
"1944","premios",3,"awards"
"1945","preocupacion",-3,"worry"
"1946","preocupado",-2,"troubled"
"1947","preocupado",-3,"worried"
"1948","preocupante",-3,"worrying"
"1949","preparado",1,"prepared"
"1950","presar",-2,"deject"
"1951","presion",-1,"pressure"
"1952","presionados",-2,"pressured"
"1953","prestigio",3,"kudos"
"1954","pretendiendo",-1,"pretending"
"1955","prevenido",-2,"warned"
"1956","previene",-1,"prevents"
"1957","prision",-2,"prison"
"1958","prisionero",-2,"prisoner"
"1959","prisioneros",-2,"prisoners"
"1960","privacion",-2,"hardship"
"1961","privar",-2,"bereave"
"1962","privilegiado",2,"privileged"
"1963","proactivo",2,"proactive"
"1964","problema",-2,"problem"
"1965","problema",-2,"trouble"
"1966","problemas",-2,"problems"
"1967","procesado",-2,"prosecuted"
"1968","Progreso",2,"progress"
"1969","prohibicion",-2,"ban"
"1970","prohibido",-2,"banned"
"1971","promesa",1,"promise"
"1972","promesas",1,"promises"
"1973","prometido",1,"promised"
"1974","prominente",2,"prominent"
"1975","promocionado",-2,"touted"
"1976","promover",1,"promote"
"1977","promovido",1,"promoted"
"1978","promoviendo",1,"promoting"
"1979","promueve",1,"promotes"
"1980","propaganda",-2,"propaganda"
"1981","prospero",3,"prosperous"
"1982","protege",1,"protects"
"1983","proteger",1,"protect"
"1984","protegido",1,"protected"
"1985","protesta",-2,"protest"
"1986","protestar",-2,"protesting"
"1987","protestas",-2,"protests"
"1988","provoca",-1,"provokes"
"1989","provocado",-1,"provoked"
"1990","provocador",-1,"provoking"
"1991","provocar",-1,"provoke"
"1992","pseudociencia",-3,"pseudoscience"
"1993","puesto",-2,"stall"
"1994","punitivo",-2,"punitive"
"1995","punto de referencia",2,"landmark"
"1996","punto muerto",-2,"deadlock"
"1997","punalada",-2,"stab"
"1998","punaladas",-2,"stabs"
"1999","pusilanime",-2,"fainthearted"
"2000","puta",-5,"slut"
"2001","puta",-4,"whore"
"2002","puto",-5,"motherfucking"
"2003","que cae",-1,"falling"
"2004","quejado",-2,"complained"
"2005","quejar",-2,"complain"
"2006","querer",1,"want"
"2007","querido",2,"cherished"
"2008","querido",2,"dear"
"2009","rabia",-2,"rage"
"2010","rabioso",-2,"rageful"
"2011","racion",2,"helping"
"2012","racismo",-3,"racism"
"2013","racista",-3,"racist"
"2014","racistas",-3,"racists"
"2015","ranter",-3,"ranter"
"2016","ranters",-3,"ranters"
"2017","rantes",-3,"rants"
"2018","rapidamente",2,"swiftly"
"2019","rapido",2,"swift"
"2020","raptados",2,"raptured"
"2021","rapto",2,"rapture"
"2022","Rasgado",-2,"torn"
"2023","ratificado",2,"ratified"
"2024","realce",2,"highlight"
"2025","realizable",1,"achievable"
"2026","realizar",2,"accomplish"
"2027","reanimar",2,"revive"
"2028","rebelion",-2,"rebellion"
"2029","recelo",-2,"misgiving"
"2030","recesion",-2,"recession"
"2031","rechaza",-1,"rejects"
"2032","rechazado",-2,"refused"
"2033","rechazado",-1,"rejected"
"2034","rechazando",-1,"rejecting"
"2035","rechazar",-1,"reject"
"2036","rechazar",-1,"repulse"
"2037","recomendado",2,"recommended"
"2038","recomendar",2,"recommend"
"2039","recomienda",2,"recommends"
"2040","recompensa",2,"reward"
"2041","recompensado",2,"rewarded"
"2042","recompensas",2,"rewards"
"2043","recortado",-2,"slashed"
"2044","recortes",-1,"cuts"
"2045","redimido",2,"redeemed"
"2046","refugios",-1,"haunts"
"2047","regalo",2,"gift"
"2048","regano",-2,"scold"
"2049","regate",-2,"dodging"
"2050","regocija",3,"exhilarates"
"2051","regocija",4,"rejoices"
"2052","regocijado",3,"exhilarated"
"2053","regocijado",4,"rejoiced"
"2054","reivindica",2,"vindicates"
"2055","reivindicando",2,"vindicating"
"2056","relajado",2,"relaxed"
"2057","relieves",1,"relieves"
"2058","remordimiento",-2,"remorse"
"2059","renuncia",-1,"resigns"
"2060","Renunciar",-1,"resign"
"2061","renunciar",-1,"resigning"
"2062","repelido",-2,"repulsed"
"2063","rescatada",2,"rescued"
"2064","rescate",-2,"bailout"
"2065","rescate",2,"rescue"
"2066","rescates",2,"rescues"
"2067","resentido",-2,"resentful"
"2068","residuos",-1,"waste"
"2069","resignado",-1,"resigned"
"2070","resistente",2,"hardy"
"2071","resolver",2,"resolve"
"2072","resolver",2,"resolving"
"2073","resolver",1,"solve"
"2074","respalda",2,"endorses"
"2075","Respaldados",1,"backed"
"2076","respetado",2,"respected"
"2077","responsable",2,"responsible"
"2078","restauracion",1,"restoring"
"2079","restauraciones",1,"restores"
"2080","restaurada",1,"restored"
"2081","restaurar",1,"restore"
"2082","restos",-2,"ruins"
"2083","restriccion",-2,"restriction"
"2084","restringe",-2,"restricts"
"2085","restringido",-2,"restricted"
"2086","restringiendo",-2,"restricting"
"2087","restringir",-2,"restrict"
"2088","resuelto",2,"resolute"
"2089","resuelto",2,"resolved"
"2090","resuelto",1,"solved"
"2091","resuelve",2,"resolves"
"2092","resuelve",1,"solves"
"2093","retardar",-2,"retard"
"2094","retenido",-1,"retained"
"2095","retirada",-1,"retreat"
"2096","retirada",-2,"walkout"
"2097","retirada",-3,"withdrawal"
"2098","reto",-1,"challenge"
"2099","retozon",2,"frisky"
"2100","retrasado",-1,"delayed"
"2101","retrasado",-2,"retarded"
"2102","retrasar",-1,"delay"
"2103","retraso",-1,"lag"
"2104","revendedor",-2,"tout"
"2105","revendedores",-2,"touts"
"2106","reverenciado",2,"revered"
"2107","revive",2,"revives"
"2108","rezagado",-2,"lagging"
"2109","rezar",1,"praying"
"2110","Rico",2,"rich"
"2111","rico",2,"wealthy"
"2112","ridiculiza",-2,"derides"
"2113","ridiculizado",-2,"derided"
"2114","ridiculizar",-2,"deride"
"2115","ridiculo",-3,"ridiculous"
"2116","riesgo",-2,"risk"
"2117","riesgos",-2,"risks"
"2118","rigurosamente",3,"rigorously"
"2119","riguroso",3,"rigorous"
"2120","riqueza",3,"wealth"
"2121","risa",1,"laugh"
"2122","risa",1,"laughing"
"2123","risas",1,"laughs"
"2124","robado",-2,"stolen"
"2125","robar",-2,"rob"
"2126","robar",-2,"steal"
"2127","robing",-2,"robing"
"2128","robos",-2,"steals"
"2129","robs",-2,"robs"
"2130","robusto",2,"robust"
"2131","rofl",4,"rofl"
"2132","roflcopter",4,"roflcopter"
"2133","roflmao",4,"roflmao"
"2134","romance",2,"romance"
"2135","rompio",-1,"broke"
"2136","rotfl",4,"rotfl"
"2137","rotflmfao",4,"rotflmfao"
"2138","ROTFLOL",4,"rotflol"
"2139","roto",-1,"broken"
"2140","rudo",-3,"badass"
"2141","ruidoso",-1,"noisy"
"2142","ruina",-2,"ruin"
"2143","ruina",-2,"wreck"
"2144","ruptura",-2,"disruption"
"2145","saboreando",2,"relishing"
"2146","sabotaje",-2,"sabotage"
"2147","sabroso",3,"yummy"
"2148","saliente",1,"salient"
"2149","saluda",1,"greets"
"2150","saludable",2,"healthy"
"2151","saludado",1,"greeted"
"2152","saludar",1,"greet"
"2153","saludo",1,"greeting"
"2154","saludos",2,"greetings"
"2155","salvado",2,"saved"
"2156","salvador de la vida",4,"lifesaver"
"2157","salvar",2,"save"
"2158","sangriento",-3,"bloody"
"2159","sarcastico",-2,"sarcastic"
"2160","satisfecho",3,"pleased"
"2161","satisfecho",2,"satisfied"
"2162","se ahoga",-2,"drowns"
"2163","se avecina",-1,"looming"
"2164","se compromete",1,"commits"
"2165","se degrada",-2,"degrades"
"2166","se disculpa",-1,"apologises"
"2167","se disculpa",-1,"apologizes"
"2168","se esconde",-1,"hides"
"2169","se esconde",-1,"lurks"
"2170","se extiende",1,"extends"
"2171","se queja",-2,"complains"
"2172","Se rio",1,"laughed"
"2173","secuestrado",-2,"abducted"
"2174","secuestro",-2,"abduction"
"2175","secuestros",-2,"abductions"
"2176","secundario",1,"supporting"
"2177","sedicion",-2,"sedition"
"2178","sedicioso",-2,"seditious"
"2179","seducir",-1,"seduced"
"2180","seguidor",1,"supporter"
"2181","seguro",1,"safe"
"2182","seguro",2,"secure"
"2183","seguro de si mismo",2,"self-confident"
"2184","sensacion",1,"feeling"
"2185","sensible",2,"responsive"
"2186","sentencia",-2,"sentencing"
"2187","sentido",3,"heartfelt"
"2188","separado",-1,"detached"
"2189","sereno",2,"serene"
"2190","serio",2,"earnest"
"2191","servicial",2,"helpful"
"2192","sexy",3,"sexy"
"2193","shamed",-2,"shamed"
"2194","si",1,"yeah"
"2195","si",1,"yes"
"2196","significado",1,"significance"
"2197","significativo",2,"meaningful"
"2198","significativo",1,"significant"
"2199","silenciamiento",-1,"silencing"
"2200","simpatia",2,"sympathy"
"2201","simpatico",2,"sympathetic"
"2202","simplificada",-2,"oversimplified"
"2203","simplificar demasiado",-2,"oversimplify"
"2204","sin acreditar",-1,"uncredited"
"2205","sin amor",-2,"unloved"
"2206","sin animo",-2,"spiritless"
"2207","sin apoyo",-2,"unsupported"
"2208","sin dientes",-2,"toothless"
"2209","sin encanto",-3,"charmless"
"2210","sin esperanza",-2,"hopeless"
"2211","sin garantia",-2,"unsecured"
"2212","sin igual",2,"unequaled"
"2213","sin inteligencia",-2,"unintelligent"
"2214","sin par",1,"unmatched"
"2215","sin peligro",1,"safely"
"2216","sin sentido",-2,"meaningless"
"2217","sin tacha",2,"untarnished"
"2218","sin valor",-2,"worthless"
"2219","sincera",2,"sincerest"
"2220","sinceramente",2,"sincerely"
"2221","sinceridad",2,"sincerity"
"2222","sincero",2,"sincere"
"2223","singleminded",-2,"singleminded"
"2224","slickest",2,"slickest"
"2225","Smiled",2,"smiled"
"2226","snubbing",-2,"snubbing"
"2227","soborno",-3,"bribe"
"2228","sobrecarga",-1,"overload"
"2229","sobrecargar",-2,"burdening"
"2230","sobrereacciona",-2,"overreacts"
"2231","sobrereaccionar",-2,"overreact"
"2232","sobrerreaccion",-2,"overreaction"
"2233","sobresimplifica",-2,"oversimplifies"
"2234","sobresimplificacion",-2,"oversimplification"
"2235","sobreviviente",2,"surviving"
"2236","sobreviviente",2,"survivor"
"2237","sobrevivio",2,"survived"
"2238","socava",-2,"undermines"
"2239","socavar",-2,"undermine"
"2240","sofisticado",2,"sophisticated"
"2241","sofocado",-1,"stifled"
"2242","sol",2,"sunshine"
"2243","solemne",-1,"solemn"
"2244","solidaridad",2,"solidarity"
"2245","solido",2,"solid"
"2246","solitario",-2,"lonely"
"2247","solitario",-2,"lonesome"
"2248","solo",-2,"alone"
"2249","soltar",-1,"drop"
"2250","solucion",1,"solution"
"2251","soluciones",1,"solutions"
"2252","sombrio",-2,"glum"
"2253","sombrio",-2,"somber"
"2254","sonreir",2,"smile"
"2255","sonriente",2,"smiling"
"2256","sonrisas",2,"smiles"
"2257","soportado",2,"supported"
"2258","soportes",2,"supports"
"2259","sorprende",2,"amazes"
"2260","sorprendido",-2,"startled"
"2261","sosegado",2,"restful"
"2262","sospecha",-1,"suspected"
"2263","sospechando",-1,"suspecting"
"2264","sospechar",-1,"suspect"
"2265","sospechosos",-1,"suspects"
"2266","spammer",-3,"spammer"
"2267","squelched",-1,"squelched"
"2268","subestimaciones",-1,"underestimates"
"2269","subestimado",-1,"underestimated"
"2270","subestimar",-1,"underestimate"
"2271","subsidios",1,"grants"
"2272","subversivo",-2,"subversive"
"2273","suciedad",-2,"dirt"
"2274","sucio",-2,"dirty"
"2275","suelto",-3,"loose"
"2276","sueno",1,"dream"
"2277","Suenos",1,"dreams"
"2278","suerte",3,"luck"
"2279","suerte",3,"lucky"
"2280","suficiente",-2,"complacent"
"2281","sufre",-2,"suffers"
"2282","sufrimiento",-2,"suffering"
"2283","sufrir",-2,"suffer"
"2284","suicida",-2,"suicidal"
"2285","suicidio",-2,"suicide"
"2286","super",3,"super"
"2287","superar a",2,"outreach"
"2288","superior",2,"superior"
"2289","suspender",-1,"suspend"
"2290","suspendido",-1,"suspended"
"2291","suspicaz",-2,"suspicious"
"2292","suspiro",-2,"sigh"
"2293","sustancial",1,"substantial"
"2294","sustancialmente",1,"substantially"
"2295","susto",-2,"fright"
"2296","susto",-2,"scare"
"2297","tacano",-2,"stingy"
"2298","tapas",2,"tops"
"2299","tard",-2,"tard"
"2300","tedio",-2,"ennui"
"2301","telar",-1,"loom"
"2302","telares",-1,"looms"
"2303","temblante",-2,"quaking"
"2304","temblor",-2,"trembling"
"2305","tembloroso",-2,"shaky"
"2306","temerario",2,"daredevil"
"2307","temerario",-2,"reckless"
"2308","temeroso",-2,"fearful"
"2309","temible",-2,"fearsome"
"2310","temido",-2,"dreaded"
"2311","temiendo",-2,"dreading"
"2312","temiendo",-2,"fearing"
"2313","temperamental",-1,"moody"
"2314","tension",-1,"tension"
"2315","tenso",-2,"uptight"
"2316","tergiversacion",-2,"misrepresentation"
"2317","terrible",-3,"dire"
"2318","terrible",-3,"dreadful"
"2319","terrible",-3,"terrible"
"2320","terriblemente",-3,"terribly"
"2321","terror",-3,"terror"
"2322","tesoro",2,"treasure"
"2323","tesoros",2,"treasures"
"2324","tetas",-2,"tits"
"2325","tiempo",-2,"tense"
"2326","timido",-2,"diffident"
"2327","timido",-1,"shy"
"2328","timido",-2,"timid"
"2329","timorato",-2,"timorous"
"2330","tipo",2,"kind"
"2331","tolerante",2,"tolerant"
"2332","toma de posesion",-2,"swearing"
"2333","tonto",-3,"dumb"
"2334","tonto",-2,"fool"
"2335","tonto",-2,"foolish"
"2336","tonto",-1,"silly"
"2337","tontos",-2,"fools"
"2338","torpe",-2,"awkward"
"2339","tortura",-4,"torture"
"2340","tortura",-4,"torturing"
"2341","torturado",-4,"tortured"
"2342","torturas",-4,"tortures"
"2343","totalitario",-2,"totalitarian"
"2344","totalitarismo",-2,"totalitarianism"
"2345","tragedia",-2,"tragedy"
"2346","tragico",-2,"tragic"
"2347","tragona",-5,"cocksucker"
"2348","traicion",-3,"betrayal"
"2349","traicion",-3,"treason"
"2350","traiciona",-3,"betrays"
"2351","traicionado",-3,"betrayed"
"2352","traicionar",-3,"betray"
"2353","traicionero",-3,"betraying"
"2354","tramado",-2,"dithering"
"2355","trampa",-1,"trap"
"2356","tramposo",-3,"cheater"
"2357","tramposos",-3,"cheaters"
"2358","tramposos",-3,"cheats"
"2359","tranquiliza",1,"reassures"
"2360","tranquilizado",1,"reassured"
"2361","tranquilizador",2,"reassuring"
"2362","tranquilizar",1,"reassure"
"2363","tranquilo",2,"tranquil"
"2364","trapacero",-3,"swindling"
"2365","trastornado",-2,"upset"
"2366","trastornador",-2,"upsetting"
"2367","trastorno",-2,"disorder"
"2368","trastornos",-2,"upsets"
"2369","trauma",-3,"trauma"
"2370","traumatico",-3,"traumatic"
"2371","travesura",-1,"mischief"
"2372","treasonous",-3,"treasonous"
"2373","tremulo",-2,"tremulous"
"2374","triste",-2,"cheerless"
"2375","triste",-2,"dismal"
"2376","triste",-2,"dreary"
"2377","triste",-2,"joyless"
"2378","triste",-2,"mournful"
"2379","triste",-2,"sad"
"2380","triste",-2,"sorrowful"
"2381","tristemente",-2,"sadly"
"2382","triunfante",4,"triumphant"
"2383","triunfo",4,"triumph"
"2384","tugurio",-1,"dump"
"2385","tumba",-2,"grave"
"2386","tumor",-2,"tumor"
"2387","tunica",-2,"robed"
"2388","una vez en la vida",3,"once-in-a-lifetime"
"2389","unido",1,"united"
"2390","unificada",1,"unified"
"2391","unirse",1,"join"
"2392","unresearched",-2,"unresearched"
"2393","urgente",-1,"urgent"
"2394","util",2,"useful"
"2395","utilidad",2,"usefulness"
"2396","vacilante",-2,"hesitant"
"2397","vacilante",-1,"wavering"
"2398","vacilar",-2,"hesitate"
"2399","vacio",-1,"emptiness"
"2400","vacio",-1,"empty"
"2401","vago",-2,"vague"
"2402","valida",1,"validates"
"2403","validado",1,"validated"
"2404","validar",1,"validate"
"2405","validar",1,"validating"
"2406","valiente",2,"brave"
"2407","valiente",2,"courageous"
"2408","valientemente",2,"boldly"
"2409","valor",2,"courage"
"2410","valor",2,"worth"
"2411","vano",-2,"wasted"
"2412","vejacion",-2,"vexation"
"2413","vencido",-2,"beaten"
"2414","veneno",-2,"poison"
"2415","venenos",-2,"poisons"
"2416","venganza",-2,"revenge"
"2417","vengativo",-2,"revengeful"
"2418","ventaja",2,"advantage"
"2419","ventajas",2,"advantages"
"2420","ventilador",3,"fan"
"2421","veredicto",-1,"verdict"
"2422","veredictos",-1,"verdicts"
"2423","vergonzoso",-2,"shameful"
"2424","vergenza",-2,"embarrassment"
"2425","vergenza",-2,"shame"
"2426","vestibulo",-2,"lobby"
"2427","vibrante",3,"vibrant"
"2428","vicioso",-2,"vicious"
"2429","victima",-2,"casualty"
"2430","victima",-3,"victim"
"2431","victimas",-3,"victimized"
"2432","victimas",-3,"victims"
"2433","victimas mortales",-3,"fatalities"
"2434","victimiza",-3,"victimizes"
"2435","victimizadora",-3,"victimizing"
"2436","victimizar",-3,"victimize"
"2437","victorias",4,"wins"
"2438","victorioso",4,"winning"
"2439","vigilante",3,"vigilant"
"2440","vil",-3,"vile"
"2441","vindicado",2,"vindicated"
"2442","vindicar",2,"vindicate"
"2443","viola",-2,"violates"
"2444","violacion",-4,"rape"
"2445","violado",-2,"violated"
"2446","violador",-4,"rapist"
"2447","violar",-2,"violate"
"2448","violar",-2,"violating"
"2449","violencia",-3,"violence"
"2450","violento",-3,"violent"
"2451","virtuoso",2,"virtuous"
"2452","virulento",-2,"virulent"
"2453","vision",1,"vision"
"2454","vision",1,"visioning"
"2455","visionario",3,"visionary"
"2456","visiones",1,"visions"
"2457","vitalidad",3,"vitality"
"2458","vitamina",1,"vitamin"
"2459","vitriolico",-3,"vitriolic"
"2460","viudo",-1,"widowed"
"2461","viva",1,"alive"
"2462","vivaz",3,"vivacious"
"2463","vociferante",-1,"vociferous"
"2464","vulnerabilidad",-2,"vulnerability"
"2465","vulnerable",-2,"vulnerable"
"2466","WINWIN",3,"winwin"
"2467","won",3,"won"
"2468","woohoo",3,"woohoo"
"2469","wooo",4,"wooo"
"2470","woow",4,"woow"
"2471","wOWOW",4,"wowow"
"2472","wowww",4,"wowww"
"2473","wtf",-4,"wtf"
"2474","yeees",2,"yeees"
"2475","",-2,"blame"
"2476","",-2,"blames"
